104.332.181-00;Michele Gomes;1957-11-07;Roberto Carlos;2024-04-05;Pista Premium;270.78
908.386.379-49;Amanda Silva;1969-04-28;Capital Inicial;2025-03-08;Camarote;307.85
351.161.559-35;Gustavo Oliveira;1996-03-20;Chico Buarque;2024-05-07;VIP;144.62
495.931.034-06;Fernanda Almeida;1964-01-23;Skank;2024-10-11;VIP;601.26
525.534.192-44;Alexandre Almeida;1969-08-29;Zeca Pagodinho;2025-01-23;Camarote;891.41
835.030.564-91;Carlos Rodrigues;2005-11-19;Marisa Monte;2024-11-18;Pista Premium;617.46
672.423.884-65;Michele Gomes;1990-10-31;Djavan;2024-08-12;Pista Premium;497.81
101.226.916-79;Eduardo Cardoso;1996-12-28;Maria Bethânia;2024-09-14;Arquibancada;785.84
018.451.462-20;Tatiane Silva;1978-08-18;Maria Bethânia;2024-07-01;Arquibancada;828.35
489.325.288-70;João Cardoso;1984-01-30;Alcione;2024-01-20;Pista;841.86
430.391.171-22;Alexandre Pereira;1966-07-09;Titãs;2025-05-01;Arquibancada;215.40
896.383.465-40;Vinícius Ribeiro;1995-07-04;Rock in Rio;2024-09-10;Pista Premium;132.50
098.393.010-47;Felipe Santos;1957-10-26;Vintage Culture;2024-12-04;Pista;501.61
473.829.973-59;Leonardo Gomes;1972-01-31;Rock in Rio;2024-04-09;Backstage;433.46
667.010.651-39;Beatriz Rodrigues;1972-01-24;Chico Buarque;2025-04-04;Pista Premium;425.94
473.178.108-60;João Santos;1976-03-16;Jorge & Mateus;2025-02-20;VIP;474.71
602.606.474-54;Débora Alves;1998-08-30;Ivete Sangalo;2024-07-13;Camarote;258.51
098.050.097-42;Fabio Ribeiro;1969-02-14;Anitta;2025-06-04;Pista;778.10
191.361.939-76;Gabriel Oliveira;1962-05-10;Legião Urbana Tribute;2025-11-04;Arquibancada;543.49
543.534.624-07;Tatiane Araujo;1961-07-05;Roberto Carlos;2025-04-14;Arquibancada;898.73
118.384.251-10;Beatriz Fernandes;1980-07-26;Jorge & Mateus;2025-03-24;Arquibancada;656.90
980.841.241-61;Lucas Alves;1968-12-11;Iron Maiden;2024-10-15;Arquibancada;252.72
534.874.016-06;Amanda Oliveira;1955-04-27;Gilberto Gil;2024-05-13;Backstage;883.43
278.680.112-54;Alexandre Oliveira;1988-02-15;Guns N' Roses;2025-07-19;Pista Premium;432.43
045.053.315-80;Daniela Gomes;1968-11-12;Elba Ramalho;2024-08-30;Pista Premium;880.49
260.256.342-03;Lucas Carvalho;1958-06-22;Vintage Culture;2025-04-26;Pista Premium;243.65
754.330.365-53;Amanda Santos;1980-01-16;Djavan;2025-10-18;Arquibancada;407.74
850.142.940-65;Lucas Cardoso;1993-12-26;Djavan;2024-11-17;VIP;577.09
816.934.060-80;Cristina Alves;1972-09-04;Djavan;2025-03-17;Pista;858.08
595.148.465-08;Priscila Lima;2004-09-26;Ivete Sangalo;2024-07-15;VIP;625.24
629.946.804-16;Thiago Rodrigues;1993-07-26;Gusttavo Lima;2025-08-16;Arquibancada;616.86
777.387.214-72;Fabio Cardoso;1985-01-26;Caetano Veloso;2024-08-28;Backstage;334.54
320.037.917-01;André Monteiro;1972-06-11;Capital Inicial;2025-12-14;VIP;485.39
320.163.287-20;Ana Alves;1977-05-10;Elba Ramalho;2024-05-04;VIP;189.34
788.957.986-19;Daniela Martins;1969-04-12;Jota Quest;2025-05-01;VIP;292.54
348.734.714-86;Beatriz Nascimento;1985-02-17;Gilberto Gil;2025-07-07;Pista;193.47
362.316.658-87;Tatiane Gomes;1960-08-02;Marília Mendonça Tribute;2025-03-06;VIP;821.97
909.670.546-72;André Alves;2003-12-30;Gusttavo Lima;2025-09-09;Pista Premium;480.35
467.065.627-93;Rafael Cardoso;2002-12-02;Roberto Carlos;2025-02-07;Arquibancada;542.80
016.272.046-79;Marcelo Rodrigues;1995-10-17;Gilberto Gil;2024-12-11;VIP;308.17
641.708.053-64;Carlos Oliveira;1957-10-13;Coldplay;2024-07-23;Pista;589.50
327.193.745-12;Bruno Cardoso;1965-04-11;Wesley Safadão;2024-06-16;Camarote;168.64
049.663.193-40;Lucas Lima;1965-11-10;Gusttavo Lima;2025-08-02;Pista;364.71
651.850.671-79;Débora Fernandes;1996-03-30;Capital Inicial;2024-06-05;VIP;224.43
849.877.694-50;Marcelo Almeida;1962-10-10;Iron Maiden;2025-04-06;Pista Premium;695.39
996.507.527-14;Larissa Fernandes;1978-03-06;Gilberto Gil;2024-10-13;Arquibancada;654.97
480.831.367-78;Daniela Almeida;1997-09-17;Paralamas do Sucesso;2025-12-29;VIP;447.50
014.363.495-08;Leonardo Alves;2002-08-19;Djavan;2025-03-11;Backstage;531.32
574.443.135-71;Juliana Alves;1971-08-11;Marília Mendonça Tribute;2024-08-09;Backstage;477.04
989.413.435-18;Patrícia Lima;1956-04-08;Capital Inicial;2025-06-30;Pista Premium;304.94
084.271.094-90;Leonardo Rocha;1994-07-08;Gilberto Gil;2024-07-07;Pista;287.03
711.671.902-46;Camila Monteiro;1982-04-05;Caetano Veloso;2024-09-11;Pista;537.62
699.938.677-30;Renata Monteiro;1993-06-21;Ludmilla;2025-08-05;Arquibancada;129.39
133.412.328-42;Carlos Costa;1955-03-29;Legião Urbana Tribute;2025-04-06;Backstage;566.93
403.447.134-40;Michele Rodrigues;1993-02-20;Rock in Rio;2025-07-11;Pista Premium;611.06
421.024.994-72;Vinícius Souza;1997-01-18;Capital Inicial;2024-11-07;Backstage;410.06
488.771.906-04;Marcelo Cardoso;1977-06-18;Roberto Carlos;2024-04-03;Pista Premium;868.77
990.490.278-06;Vinícius Nascimento;1971-04-14;Guns N' Roses;2025-03-22;Backstage;747.68
175.655.125-16;André Rocha;1980-11-09;Titãs;2025-02-14;Arquibancada;110.09
154.516.808-33;Tatiane Gomes;1959-11-12;Marília Mendonça Tribute;2025-06-14;Camarote;590.56
770.348.247-11;Simone Souza;1957-08-03;Paralamas do Sucesso;2025-09-15;Pista Premium;662.02
480.861.317-42;Juliana Pereira;1999-09-17;Elba Ramalho;2024-10-25;Arquibancada;658.44
677.378.263-51;Gabriel Ribeiro;1967-04-01;Vintage Culture;2024-03-12;Camarote;713.59
658.404.499-89;Simone Pereira;1995-01-23;Chico Buarque;2025-05-10;Camarote;352.60
867.533.963-14;André Oliveira;1983-07-19;Jota Quest;2025-04-29;Backstage;829.01
662.702.895-64;Lucas Martins;1963-12-12;Maria Bethânia;2025-04-12;Pista;672.40
621.745.961-21;Vanessa Alves;1989-02-03;Gilberto Gil;2025-10-03;Backstage;807.70
780.913.431-08;Débora Souza;1964-01-07;Zeca Pagodinho;2024-06-19;Backstage;325.56
005.045.562-15;Beatriz Ribeiro;1991-12-20;Guns N' Roses;2025-11-29;Pista Premium;219.39
196.937.923-51;Tatiane Nascimento;1996-03-25;Iron Maiden;2025-11-13;Pista;817.10
748.217.594-62;Débora Nascimento;1995-12-26;Vintage Culture;2024-11-05;Pista Premium;899.49
713.695.944-61;Maria Carvalho;1979-08-17;Roberto Carlos;2025-08-02;Backstage;718.22
097.439.533-10;Elaine Nascimento;1967-04-09;Paralamas do Sucesso;2024-04-09;Backstage;610.00
470.952.145-06;André Costa;1973-01-05;Ivete Sangalo;2025-07-06;Camarote;515.30
424.745.171-54;Camila Almeida;1990-08-27;Vintage Culture;2025-07-24;Camarote;154.05
604.817.549-38;Eduardo Fernandes;1964-09-20;Titãs;2024-08-27;VIP;100.52
859.317.461-29;Rafael Oliveira;1958-05-04;Ludmilla;2025-05-19;Pista;159.70
826.758.692-01;André Souza;1998-11-25;Metallica;2025-02-21;Camarote;106.83
537.735.158-47;Rodrigo Oliveira;1990-09-20;Iron Maiden;2024-07-13;Pista;858.19
713.900.532-02;Ricardo Rodrigues;1961-02-26;Alok;2025-07-21;Pista Premium;560.83
352.904.228-54;Gustavo Costa;1964-11-11;Titãs;2024-01-27;Pista Premium;92.19
395.024.026-85;Cristina Souza;1960-09-13;Alcione;2025-04-04;Camarote;500.86
178.390.847-53;Maria Oliveira;1997-12-21;Vintage Culture;2025-02-15;VIP;642.60
771.159.212-45;Amanda Cardoso;2004-03-12;Capital Inicial;2024-11-28;VIP;895.59
847.896.118-68;Larissa Gomes;1995-07-06;Marisa Monte;2024-08-21;VIP;357.92
766.156.545-55;Camila Rocha;1961-01-08;Caetano Veloso;2024-03-28;Pista;434.14
528.098.851-09;André Fernandes;1992-12-10;Vintage Culture;2024-02-22;Camarote;572.34
519.832.731-04;Rodrigo Alves;1987-12-23;Rock in Rio;2024-10-12;Arquibancada;265.45
689.980.940-02;Patrícia Nascimento;1982-09-20;Elba Ramalho;2024-12-13;Camarote;85.01
296.120.183-75;Eduardo Gomes;1995-09-13;Gilberto Gil;2024-06-10;Camarote;335.54
599.102.290-99;Fernanda Nascimento;1994-10-02;Titãs;2025-03-10;VIP;577.80
643.815.614-06;Michele Rocha;2002-04-10;Titãs;2024-11-11;Pista;260.83
900.343.244-96;Marcelo Souza;1955-09-11;Alcione;2025-03-16;Pista Premium;185.93
838.851.606-09;Maria Martins;1961-12-26;Vintage Culture;2024-11-16;Arquibancada;432.01
664.160.529-97;Tatiane Fernandes;1962-11-27;Legião Urbana Tribute;2024-04-18;Pista Premium;437.25
681.645.352-22;Carlos Ribeiro;1965-03-25;Maria Bethânia;2025-06-06;Pista Premium;822.86
552.312.432-05;Gabriel Pereira;1961-10-05;Jorge & Mateus;2025-10-05;VIP;460.44
997.995.527-96;Carlos Rocha;1994-09-03;Paralamas do Sucesso;2024-11-06;Camarote;564.96
581.477.005-80;Thiago Santos;1963-02-06;Metallica;2025-08-31;Arquibancada;395.28
980.793.597-09;Fabio Pereira;1960-07-20;Zeca Pagodinho;2024-04-15;Camarote;885.56